{
  "root": "callRestGetInfo",
  "description": "",
  "variables": {},
  "actions": {
    "fireNotification": {
      "module": "vb/action/builtin/fireNotificationEventAction",
      "parameters": {
        "target": "leaf",
        "summary": "[[ $chain.results.callRestGetInfo.message.summary ]]",
        "type": "error",
        "displayMode": "persist"
      }
    },
    "callRestGetInfo": {
      "module": "vb/action/builtin/restAction",
      "parameters": {
        "endpoint": "app/getInfo"
      },
      "outcomes": {
        "failure": "fireNotification",
        "success": "assignVariablesInfo"
      }
    },
    "assignVariablesInfo": {
      "module": "vb/action/builtin/assignVariablesAction",
      "parameters": {
        "$page.variables.info": {
          "source": "{{ $chain.results.callRestGetInfo.body }}"
        }
      }
    }
  }
}