{
    "vbcs.dt.version": "20230620-23.10.4",
    "dependencies": {
        "upgrade": "micro",
        "paths": {
            "jet": "https://static.oracle.com/cdn/jet/14.1.8",
            "telemetry": "https://static.oracle.com/cdn/trace/7.4.1",
            "visualRuntime": "https://static.oracle.com/cdn/vb/2310.1.0",
            "oracleImageGallery": "https://static.oracle.com/cdn/fnd/gallery/2310.0.1"
        }
    },
    "source.version": "2310",
    "migration": {
        "2310": [
            "ReferenceToNumberFieldTypeMigrator",
            "SetHistoryTypeMigrator",
            "RemoveCSPMetatagMigrator"
        ]
    }
}