{
    "openapi": "3.0.0",
    "info": {
        "title": "App",
        "version": "1.0.0"
    },
    "servers": [
        {
            "url": "app",
            "description": "App",
            "x-vb": {
                "anonymousAccess": true
            }
        }
    ],
    "paths": {
        "/dept": {
            "get": {
                "operationId": "getDept",
                "responses": {
                    "default": {
                        "description": "Response for default",
                        "content": {
                            "application/json": {
                                "schema": {
                                    "$ref": "#/components/schemas/GetDept"
                                },
                                "examples": {
                                    "vb": {
                                        "summary": "Example stored by VB User",
                                        "externalValue": "./examples/getDept/response_default_application_json_vb.json"
                                    }
                                }
                            }
                        }
                    }
                },
                "x-vb": {
                    "actionHint": "getMany"
                }
            }
        },
        "/info": {
            "get": {
                "operationId": "getInfo",
                "responses": {
                    "default": {
                        "description": "Default response",
                        "content": {
                            "application/json": {
                                "examples": {
                                    "vb": {
                                        "externalValue": "./examples/getInfo/response_default_application_json_vb.json"
                                    }
                                }
                            }
                        }
                    }
                },
                "x-vb": {
                    "actionHint": "custom"
                }
            }
        }
    },
    "components": {
        "schemas": {
            "GetDept": {
                "type": "array",
                "items": {
                    "type": "object",
                    "properties": {
                        "deptno": {
                            "type": "integer"
                        },
                        "dname": {
                            "type": "string"
                        },
                        "loc": {
                            "type": "string"
                        }
                    }
                }
            }
        }
    }
}
